"name","timestamp","alds1","alds1_games","alds2","alds2_games","nlds1","nlds1_games","nlds2","nlds2_games","alcs","alcs_games","nlcs","nlcs_games","ws","ws_games"
"Aaron D'Alessandro","10/1/2026 14:15:15","White Sox","4","Yankees","4","Brewers","5","Dodgers","3","Yankees","5","Dodgers","4","Yankees","7"
"Aidan Adams","10/1/2026 11:02:31","White Sox","4","Yankees","5","Brewers","4","Dodgers","3","Yankees","5","Dodgers","6","Yankees","4"
"Aiden Weisenborn","10/1/2026 11:01:12","White Sox","4","Yankees","5","Padres","4","Dodgers","3","Yankees","6","Padres","7","Padres","6"
"Alex Geis","10/1/2026 14:17:30","White Sox","4","Yankees","4","Padres","4","Dodgers","3","White Sox","5","Padres","6","Padres","6"
"Anthony Ramirez","10/1/2026 11:07:29","Guardians","4","Yankees","5","Brewers","4","Dodgers","4","Yankees","6","Brewers","6","Brewers","7"
"Beckett Johnson","10/1/2026 11:01:21","White Sox","4","Yankees","3","Padres","5","Dodgers","4","Yankees","7","Padres","6","Yankees","7"
"Benjamin Chung","10/1/2026 11:06:34","White Sox","4","Rays","4","Brewers","5","Dodgers","4","Rays","6","Dodgers","6","Dodgers","5"
"CDT Harbers","10/1/2026 11:01:24","White Sox","5","Yankees","4","Brewers","4","Dodgers","3","Yankees","6","Brewers","6","Brewers","7"
"Charlie Jorgensen","10/1/2026 14:16:25","Guardians","3","Yankees","4","Padres","5","Phillies/Braves","5","Yankees","6","Phillies/Braves","7","Yankees","5"
"Claire Shioutakon","10/1/2026 11:04:55","White Sox","4","Yankees","3","Padres","5","Dodgers","4","Yankees","5","Dodgers","6","Dodgers","6"
"Conner Pamplin","10/1/2026 11:06:36","Guardians","5","Yankees","4","Padres","4","Dodgers","3","Yankees","6","Dodgers","5","Dodgers","6"
"cooper haase","10/4/2026 15:45:38","Guardians","5","Rays","3","Brewers","4","Dodgers","4","Rays","6","Dodgers","7","Dodgers","5"
"Daniel Kim","10/1/2026 11:06:00","White Sox","4","Yankees","4","Padres","4","Dodgers","3","Yankees","6","Dodgers","5","Dodgers","5"
"Elijah Goodwin","10/1/2026 14:16:10","Guardians","4","Yankees","5","Brewers","4","Dodgers","4","Yankees","6","Dodgers","7","Dodgers","7"
"Evan Ventura","10/1/2026 11:01:25","White Sox","4","Rays","4","Brewers","4","Dodgers","3","Rays","5","Brewers","6","Brewers","5"
"Jack Ivey","10/1/2026 14:18:50","White Sox","4","Rays","4","Padres","4","Dodgers","4","Rays","6","Padres","6","Padres","6"
"JACOB LEE","10/1/2026 11:00:10","White Sox","4","Yankees","5","Padres","5","Dodgers","4","Yankees","5","Dodgers","6","Dodgers","6"
"Jarrod Cosalan","10/1/2026 14:19:41","White Sox","4","Yankees","5","Brewers","5","Dodgers","3","Yankees","5","Brewers","7","Brewers","6"
"Kelly Keyes","10/1/2026 11:05:38","White Sox","4","Yankees","5","Padres","4","Dodgers","4","Yankees","6","Padres","7","Padres","6"
"LTC Pleuss","10/2/2026 11:45:27","Guardians","3","Rays","3","Brewers","3","Dodgers","3","Rays","6","Brewers","6","Brewers","6"
"Matthew Kim","10/1/2026 14:17:49","Guardians","4","Rays","4","Brewers","4","Dodgers","4","Rays","6","Dodgers","6","Dodgers","6"
"Nala Best","10/3/2026 19:56:13","Guardians","3","Yankees","4","Brewers","4","Dodgers","4","Yankees","6","Dodgers","6","Dodgers","6"
"Nathaniel Nelson","10/1/2026 14:55:03","Guardians","5","Yankees","4","Brewers","5","Dodgers","4","Yankees","5","Dodgers","5","Dodgers","5"
"Noah Longfield","10/1/2026 14:13:45","White Sox","5","Yankees","4","Brewers","3","Dodgers","4","Yankees","6","Brewers","6","Yankees","6"
"Pat Cain","10/1/2026 11:02:54","Guardians","5","Yankees","4","Padres","5","Phillies/Braves","3","Guardians","5","Phillies/Braves","6","Phillies/Braves","5"
"Spencer Silverman","10/1/2026 11:03:06","White Sox","5","Yankees","4","Padres","4","Dodgers","4","Yankees","6","Dodgers","5","Dodgers","7"
"Steven Powers","10/1/2026 11:08:06","Guardians","5","Rays","5","Brewers","4","Dodgers","4","Rays","6","Dodgers","7","Dodgers","6"
"Thatcher Wittrock","10/1/2026 10:59:36","White Sox","4","Yankees","4","Brewers","5","Dodgers","3","Yankees","5","Dodgers","6","Dodgers","7"
"Thomas Klopman","10/1/2026 14:13:34","White Sox","5","Yankees","4","Brewers","3","Dodgers","4","Yankees","5","Brewers","6","Brewers","4"
"Tradd McDaniel","10/1/2026 14:14:30","White Sox","5","Yankees","4","Brewers","4","Phillies/Braves","5","Yankees","6","Phillies/Braves","7","Phillies/Braves","7"
"Tyler Anderson","10/1/2026 14:17:25","White Sox","4","Yankees","5","Brewers","3","Phillies/Braves","4","White Sox","4","Brewers","7","White Sox","7"
