"name","score","winners","lengths","sweeps","scored","possible"
"cooper haase",10,3,3,1,3,12
"LTC Pleuss",9,3,1,1,3,12
"Matthew Kim",8.5,3,2,0,3,12
"Steven Powers",8,3,2,0,3,12
"Benjamin Chung",8,3,1,0,3,12
"Evan Ventura",8,3,1,0,3,12
"Jack Ivey",6.5,2,2,0,3,12
"Nala Best",6.5,2,2,0,3,12
"Anthony Ramirez",6,2,2,0,3,12
"Elijah Goodwin",6,2,2,0,3,12
"CDT Harbers",6,2,1,0,3,12
"Nathaniel Nelson",6,2,1,0,3,12
"Noah Longfield",6,2,1,0,3,12
"Thomas Klopman",6,2,1,0,3,12
"Aidan Adams",5.5,2,1,0,3,12
"Aaron D'Alessandro",5.5,2,0,0,3,12
"Thatcher Wittrock",5.5,2,0,0,3,12
"Beckett Johnson",5.5,1,2,1,3,12
"Claire Shioutakon",5.5,1,2,1,3,12
"Jarrod Cosalan",5,2,0,0,3,12
"Spencer Silverman",4.5,1,2,0,3,12
"Kelly Keyes",4,1,2,0,3,12
"Alex Geis",4,1,1,0,3,12
"Conner Pamplin",4,1,1,0,3,12
"Daniel Kim",4,1,1,0,3,12
"Tradd McDaniel",4,1,1,0,3,12
"Aiden Weisenborn",3.5,1,1,0,3,12
"JACOB LEE",3.5,1,1,0,3,12
"Tyler Anderson",3.5,1,1,0,3,12
"Charlie Jorgensen",1.5,0,0,0,3,12
"Pat Cain",1.5,0,0,0,3,12
